               epoch,      train/box_loss,      train/obj_loss,      train/cls_loss,   metrics/precision,      metrics/recall,     metrics/mAP_0.5,metrics/mAP_0.5:0.95,        val/box_loss,        val/obj_loss,        val/cls_loss,               x/lr0,               x/lr1,               x/lr2
                   0,             0.07964,            0.032049,            0.010866,             0.41729,             0.43648,             0.41106,             0.19139,            0.064572,            0.012853,           0.0018429,            0.070112,           0.0033209,           0.0033209
                   1,             0.05708,            0.025176,           0.0022888,             0.57613,             0.64549,             0.63097,             0.32524,            0.050427,            0.011772,           0.0020443,             0.04009,           0.0066323,           0.0066323
                   2,            0.050274,            0.023302,            0.002336,             0.75047,             0.73648,             0.78296,             0.41866,            0.042215,             0.01146,            0.001804,            0.010046,           0.0099217,           0.0099217
                   3,            0.044103,            0.022282,           0.0018001,             0.79006,             0.73484,             0.80479,             0.48753,            0.038936,            0.011063,           0.0014176,            0.009901,            0.009901,            0.009901
                   4,            0.039262,            0.021746,           0.0013809,             0.79021,             0.77131,             0.82469,             0.50064,            0.038385,            0.010853,           0.0010133,            0.009901,            0.009901,            0.009901
                   5,            0.036974,            0.020559,           0.0011356,             0.78002,             0.74404,             0.79855,              0.4849,            0.038439,            0.011205,           0.0010072,            0.009868,            0.009868,            0.009868
                   6,            0.035046,             0.02002,          0.00095844,             0.80666,             0.80123,             0.85823,             0.52823,            0.035553,            0.010269,          0.00082346,            0.009835,            0.009835,            0.009835
                   7,            0.033158,            0.019767,            0.000848,             0.81338,             0.79847,             0.85711,             0.55131,            0.033868,            0.010567,          0.00068965,            0.009802,            0.009802,            0.009802
                   8,            0.031996,            0.019223,          0.00074953,             0.84155,             0.83443,             0.88334,             0.56736,            0.033051,            0.009773,          0.00081047,            0.009769,            0.009769,            0.009769
                   9,              0.0309,            0.019151,          0.00068572,             0.83217,             0.80675,             0.86836,             0.57312,            0.032748,           0.0097982,          0.00058274,            0.009736,            0.009736,            0.009736
                  10,            0.030429,            0.018867,          0.00065095,              0.8256,              0.8265,             0.87686,             0.57591,            0.032382,           0.0098969,          0.00062561,            0.009703,            0.009703,            0.009703
                  11,            0.029652,            0.018514,          0.00058021,             0.84019,             0.81879,              0.8807,             0.57855,            0.032313,            0.009814,          0.00049352,             0.00967,             0.00967,             0.00967
                  12,            0.029271,            0.018185,          0.00055887,             0.84229,             0.83831,              0.8832,              0.5884,            0.032155,           0.0097093,          0.00049791,            0.009637,            0.009637,            0.009637
                  13,            0.029016,             0.01818,          0.00054562,              0.8615,             0.82664,             0.89004,             0.60105,            0.031378,           0.0097237,          0.00049117,            0.009604,            0.009604,            0.009604
                  14,            0.028269,            0.017829,          0.00050964,              0.8514,             0.83595,             0.88945,             0.60358,            0.030956,           0.0096851,          0.00041996,            0.009571,            0.009571,            0.009571
                  15,            0.027909,            0.018033,          0.00048737,             0.84067,             0.82869,             0.88785,              0.5928,            0.031103,           0.0097898,          0.00043464,            0.009538,            0.009538,            0.009538
                  16,            0.027598,            0.017774,          0.00047102,             0.85123,             0.81762,               0.888,             0.60083,            0.030795,           0.0097723,           0.0004203,            0.009505,            0.009505,            0.009505
                  17,            0.027218,            0.017614,          0.00044733,             0.87084,               0.825,             0.89584,             0.61486,            0.030174,           0.0096216,          0.00048675,            0.009472,            0.009472,            0.009472
                  18,             0.02712,            0.017563,          0.00043504,             0.85342,             0.83852,             0.88858,             0.60168,            0.030366,            0.009631,          0.00041676,            0.009439,            0.009439,            0.009439
                  19,            0.026928,            0.017485,          0.00042186,             0.84803,             0.85246,             0.89669,             0.61731,            0.029498,           0.0095758,          0.00040063,            0.009406,            0.009406,            0.009406
                  20,            0.026397,            0.017175,           0.0003982,             0.85538,             0.83402,             0.89201,             0.61252,            0.030876,            0.009554,             0.00043,            0.009373,            0.009373,            0.009373
                  21,            0.026511,            0.017193,          0.00040115,             0.86138,             0.85533,             0.90097,             0.61186,            0.029714,           0.0094359,          0.00038748,             0.00934,             0.00934,             0.00934
                  22,              0.0264,            0.017024,           0.0004022,             0.86821,             0.83699,             0.89475,              0.6132,             0.03026,           0.0095397,          0.00037253,            0.009307,            0.009307,            0.009307
                  23,            0.025938,            0.017023,          0.00037633,             0.86949,             0.83607,             0.89739,             0.62158,            0.029828,            0.009624,          0.00041541,            0.009274,            0.009274,            0.009274
                  24,            0.025632,            0.017404,          0.00037132,             0.85487,             0.83811,              0.8959,             0.61483,            0.030124,           0.0096277,          0.00037847,            0.009241,            0.009241,            0.009241
                  25,            0.025493,            0.016498,          0.00035954,             0.83618,             0.85943,             0.89851,             0.61635,            0.029465,            0.009703,          0.00036133,            0.009208,            0.009208,            0.009208
                  26,            0.025458,            0.016878,          0.00034669,             0.85454,             0.84754,             0.89265,             0.61253,            0.030076,           0.0097425,          0.00036835,            0.009175,            0.009175,            0.009175
                  27,             0.02532,            0.016788,          0.00034779,             0.86461,             0.85287,             0.89976,             0.62768,            0.029489,           0.0094543,          0.00041479,            0.009142,            0.009142,            0.009142
                  28,            0.025284,            0.016726,          0.00033748,             0.86169,             0.84959,             0.90453,             0.62556,            0.029895,            0.009462,          0.00032728,            0.009109,            0.009109,            0.009109
                  29,            0.025258,            0.016501,          0.00033652,             0.85173,             0.85463,             0.90038,             0.62793,            0.029717,           0.0093958,          0.00033849,            0.009076,            0.009076,            0.009076
                  30,            0.024938,            0.016495,          0.00033577,             0.86979,             0.84323,             0.90352,              0.6294,             0.02908,           0.0093631,          0.00030095,            0.009043,            0.009043,            0.009043
                  31,            0.024692,            0.016289,           0.0003159,             0.84502,             0.85807,             0.90051,             0.63047,            0.029362,           0.0095312,          0.00034058,             0.00901,             0.00901,             0.00901
                  32,            0.024565,            0.016261,          0.00031466,             0.86883,              0.8605,             0.90598,             0.63469,            0.028599,           0.0095111,          0.00037139,            0.008977,            0.008977,            0.008977
                  33,            0.024586,            0.016158,           0.0003165,             0.84884,             0.86761,             0.90406,             0.63012,            0.029265,           0.0095619,          0.00037095,            0.008944,            0.008944,            0.008944
                  34,            0.024528,            0.016323,          0.00031231,              0.8176,             0.86598,             0.89342,             0.62881,            0.029795,           0.0096307,           0.0003229,            0.008911,            0.008911,            0.008911
                  35,            0.024318,            0.015984,          0.00030102,             0.85235,             0.86598,              0.9033,             0.64282,            0.028707,           0.0094171,          0.00040092,            0.008878,            0.008878,            0.008878
                  36,            0.024159,            0.015923,          0.00029483,             0.84976,             0.85768,             0.90587,             0.63734,             0.02893,           0.0094407,          0.00028315,            0.008845,            0.008845,            0.008845
                  37,             0.02426,            0.015925,          0.00029241,             0.86177,             0.84573,             0.90482,             0.64157,            0.028492,           0.0094188,          0.00027621,            0.008812,            0.008812,            0.008812
                  38,            0.024122,            0.015978,          0.00029564,             0.84801,             0.85292,             0.90247,             0.63793,            0.028911,            0.009602,          0.00031894,            0.008779,            0.008779,            0.008779
                  39,            0.023955,             0.01597,          0.00028964,             0.86602,             0.86092,             0.90938,             0.64214,            0.028386,           0.0092748,          0.00026354,            0.008746,            0.008746,            0.008746
                  40,            0.023795,            0.016068,           0.0002806,             0.86656,               0.849,             0.90271,             0.64043,            0.028938,           0.0094689,           0.0003089,            0.008713,            0.008713,            0.008713
                  41,            0.023833,            0.015719,          0.00027925,             0.86518,             0.83443,             0.89218,             0.63529,            0.029031,           0.0097665,          0.00033606,             0.00868,             0.00868,             0.00868
                  42,            0.023889,            0.015738,          0.00028129,              0.8574,             0.86002,             0.90623,               0.647,            0.028554,           0.0092992,          0.00026924,            0.008647,            0.008647,            0.008647
                  43,            0.023634,            0.015683,           0.0002746,             0.85482,             0.85492,             0.90766,             0.65133,            0.028435,           0.0091975,          0.00026743,            0.008614,            0.008614,            0.008614
                  44,            0.023585,            0.016031,          0.00027642,             0.85681,             0.83376,             0.90427,             0.63904,            0.028536,           0.0094704,          0.00025636,            0.008581,            0.008581,            0.008581
                  45,            0.023565,            0.015684,          0.00027254,              0.8535,             0.85954,             0.90176,             0.65143,             0.02812,            0.009427,          0.00025876,            0.008548,            0.008548,            0.008548
                  46,            0.023345,            0.015567,          0.00026277,             0.86728,             0.84754,             0.90804,             0.65255,             0.02794,           0.0093413,           0.0002846,            0.008515,            0.008515,            0.008515
                  47,            0.023315,              0.0154,          0.00025706,             0.85381,             0.85932,             0.90828,             0.64785,            0.027997,           0.0094004,          0.00026828,            0.008482,            0.008482,            0.008482
                  48,            0.023315,            0.015362,          0.00025599,             0.85643,                0.85,             0.90669,              0.6485,            0.028381,           0.0094484,          0.00027825,            0.008449,            0.008449,            0.008449
                  49,            0.023368,             0.01513,          0.00026619,             0.85762,             0.84676,             0.90502,             0.64647,            0.028259,           0.0094402,          0.00034943,            0.008416,            0.008416,            0.008416
                  50,            0.023173,             0.01532,          0.00025835,             0.83065,             0.86637,             0.90381,             0.64822,            0.028153,           0.0096273,          0.00030498,            0.008383,            0.008383,            0.008383
                  51,            0.023121,            0.015328,          0.00024762,             0.87263,             0.83689,             0.90643,             0.65265,            0.027679,           0.0094406,          0.00025033,             0.00835,             0.00835,             0.00835
                  52,             0.02288,            0.015484,          0.00024544,             0.85652,             0.85205,             0.90386,             0.65575,             0.02766,           0.0094314,          0.00024294,            0.008317,            0.008317,            0.008317
                  53,            0.022962,            0.015274,          0.00024836,             0.84571,             0.85697,             0.90482,             0.65365,            0.027686,           0.0094375,          0.00025967,            0.008284,            0.008284,            0.008284
                  54,            0.022887,            0.015153,          0.00025003,             0.85649,             0.85328,              0.9018,             0.65149,            0.027808,           0.0095273,          0.00026822,            0.008251,            0.008251,            0.008251
                  55,            0.022737,            0.015201,          0.00024226,             0.84918,             0.86075,             0.90557,             0.65264,            0.027815,           0.0094248,          0.00024782,            0.008218,            0.008218,            0.008218
                  56,            0.022829,            0.015178,          0.00024215,             0.83179,             0.87952,             0.90736,              0.6589,            0.027791,             0.00936,          0.00027831,            0.008185,            0.008185,            0.008185
                  57,             0.02278,            0.014844,          0.00024422,              0.8608,             0.84631,             0.90299,             0.65367,            0.027917,           0.0094366,          0.00026704,            0.008152,            0.008152,            0.008152
                  58,            0.022753,            0.014689,           0.0002383,             0.85596,             0.84264,             0.90346,             0.65781,            0.027393,           0.0095021,          0.00024688,            0.008119,            0.008119,            0.008119
                  59,            0.022619,            0.014942,          0.00023664,             0.84899,             0.85041,             0.90189,             0.65458,            0.027572,           0.0095512,          0.00029856,            0.008086,            0.008086,            0.008086
                  60,            0.022332,            0.014615,          0.00023212,             0.86425,             0.84013,             0.90773,             0.66081,            0.027511,           0.0094092,          0.00024625,            0.008053,            0.008053,            0.008053
                  61,            0.022492,            0.014676,          0.00022916,             0.86314,             0.83566,             0.90448,             0.65663,             0.02768,           0.0095266,          0.00036081,             0.00802,             0.00802,             0.00802
                  62,            0.022449,             0.01483,          0.00023432,              0.8526,             0.84391,             0.89906,             0.65389,            0.027688,           0.0096282,          0.00036313,            0.007987,            0.007987,            0.007987
                  63,            0.022559,            0.015019,          0.00023473,             0.84776,             0.85738,             0.90137,             0.65368,            0.027495,           0.0094977,          0.00027765,            0.007954,            0.007954,            0.007954
                  64,            0.022482,            0.014757,          0.00022723,             0.86144,              0.8541,             0.90404,               0.661,            0.027321,           0.0093343,           0.0002278,            0.007921,            0.007921,            0.007921
                  65,            0.022356,            0.014514,          0.00023158,             0.85991,             0.85615,             0.90316,             0.66135,            0.027278,           0.0094639,          0.00029729,            0.007888,            0.007888,            0.007888
                  66,            0.022184,             0.01456,          0.00022147,             0.86363,             0.84385,             0.89805,             0.65751,            0.027519,           0.0095626,          0.00033933,            0.007855,            0.007855,            0.007855
                  67,            0.022137,            0.014668,          0.00022983,             0.85812,             0.85246,             0.89877,             0.65616,            0.027657,           0.0095562,           0.0003292,            0.007822,            0.007822,            0.007822
                  68,            0.022227,            0.014637,          0.00023041,             0.86305,             0.84754,             0.89905,             0.65995,            0.027597,           0.0094957,          0.00029842,            0.007789,            0.007789,            0.007789
                  69,             0.02204,            0.014514,           0.0002205,             0.86394,             0.85874,             0.90135,             0.66346,            0.027318,           0.0093821,          0.00027885,            0.007756,            0.007756,            0.007756
                  70,            0.022008,            0.014715,          0.00022308,             0.85871,             0.85687,             0.90183,             0.66353,            0.027224,            0.009462,          0.00027992,            0.007723,            0.007723,            0.007723
                  71,            0.021974,            0.014302,          0.00023538,             0.86361,              0.8564,             0.90254,             0.66176,            0.027243,           0.0095309,          0.00026729,             0.00769,             0.00769,             0.00769
                  72,              0.0218,            0.014339,          0.00021567,             0.85821,             0.86516,             0.90514,             0.66344,            0.027299,            0.009509,          0.00024758,            0.007657,            0.007657,            0.007657
                  73,             0.02193,            0.014362,          0.00021561,             0.83116,             0.88197,             0.90235,             0.66114,            0.027279,           0.0095658,          0.00024121,            0.007624,            0.007624,            0.007624
                  74,            0.021758,            0.014512,          0.00021381,             0.86458,             0.84795,             0.90121,             0.66008,            0.027322,           0.0095168,          0.00023596,            0.007591,            0.007591,            0.007591
                  75,            0.021753,            0.014248,          0.00021425,             0.86588,             0.85199,             0.90289,             0.66093,             0.02717,           0.0094981,           0.0002187,            0.007558,            0.007558,            0.007558
                  76,            0.021969,            0.014376,          0.00022202,             0.85596,             0.86025,              0.9001,             0.66088,            0.027151,           0.0094839,          0.00023703,            0.007525,            0.007525,            0.007525
                  77,            0.021517,              0.0142,           0.0002126,             0.87036,             0.84754,             0.89899,             0.66109,            0.027149,           0.0095958,          0.00026326,            0.007492,            0.007492,            0.007492
                  78,            0.021532,            0.014071,          0.00020723,             0.86239,             0.85205,             0.89953,             0.65997,             0.02707,           0.0096702,          0.00027119,            0.007459,            0.007459,            0.007459
                  79,            0.021539,            0.013983,           0.0002144,              0.8581,              0.8627,             0.90116,             0.66035,            0.027159,           0.0096689,          0.00027291,            0.007426,            0.007426,            0.007426
                  80,            0.021516,            0.014207,          0.00021167,             0.86642,             0.85861,             0.90165,             0.66085,            0.027048,           0.0096394,          0.00027916,            0.007393,            0.007393,            0.007393
                  81,            0.021405,             0.01421,          0.00020684,             0.86624,             0.85738,             0.90014,             0.65999,            0.027011,           0.0097356,          0.00027217,             0.00736,             0.00736,             0.00736
                  82,            0.021629,            0.014207,          0.00021647,             0.86689,             0.85164,              0.8991,             0.66109,            0.027157,           0.0097291,          0.00030802,            0.007327,            0.007327,            0.007327
                  83,             0.02153,            0.013991,          0.00020725,             0.86116,             0.85984,             0.89879,             0.66189,            0.027163,           0.0096392,          0.00029473,            0.007294,            0.007294,            0.007294
                  84,            0.021383,            0.014021,          0.00020502,             0.86278,             0.86516,             0.90046,             0.66457,            0.027134,           0.0095839,          0.00031292,            0.007261,            0.007261,            0.007261
                  85,            0.021186,            0.013883,           0.0002016,             0.87488,             0.85328,             0.90139,             0.66669,            0.027092,           0.0095694,          0.00035161,            0.007228,            0.007228,            0.007228
                  86,             0.02113,            0.014069,          0.00020863,             0.86568,             0.85902,             0.89992,             0.66489,            0.027075,           0.0095989,          0.00036259,            0.007195,            0.007195,            0.007195
                  87,            0.021072,            0.013774,          0.00020081,               0.858,             0.86178,             0.89975,             0.66558,             0.02705,           0.0096843,          0.00037523,            0.007162,            0.007162,            0.007162
                  88,            0.021235,            0.013853,          0.00020458,             0.85165,             0.86585,             0.90042,             0.66524,            0.027058,           0.0096927,          0.00038549,            0.007129,            0.007129,            0.007129
                  89,            0.021081,            0.013699,          0.00020385,             0.85846,             0.85756,              0.8993,             0.66583,            0.026927,            0.009733,          0.00032985,            0.007096,            0.007096,            0.007096
                  90,             0.02127,            0.013779,          0.00020628,             0.85884,             0.85369,             0.89895,             0.66685,            0.026927,           0.0097323,          0.00029542,            0.007063,            0.007063,            0.007063
                  91,            0.020986,            0.013978,          0.00020077,             0.85982,             0.85861,             0.89919,             0.66636,            0.026952,           0.0097388,          0.00028443,             0.00703,             0.00703,             0.00703
                  92,            0.021003,             0.01361,          0.00019332,             0.86719,             0.85632,             0.89962,               0.668,            0.026878,           0.0097252,          0.00027396,            0.006997,            0.006997,            0.006997
                  93,            0.021099,            0.013816,          0.00020012,             0.86622,             0.85574,             0.89962,              0.6681,            0.026902,           0.0097362,          0.00027167,            0.006964,            0.006964,            0.006964
                  94,            0.020858,            0.013578,          0.00019121,             0.86157,             0.85984,             0.90035,             0.66779,            0.026883,           0.0097209,          0.00025753,            0.006931,            0.006931,            0.006931
                  95,            0.021032,            0.013661,          0.00019952,             0.86222,             0.85403,             0.89999,             0.66814,            0.026915,            0.009723,          0.00024719,            0.006898,            0.006898,            0.006898
                  96,            0.020807,            0.013467,          0.00019287,             0.86129,             0.85902,             0.90057,             0.66811,             0.02696,           0.0097188,            0.000239,            0.006865,            0.006865,            0.006865
                  97,            0.020968,            0.013575,          0.00019616,             0.86383,             0.86189,             0.89984,             0.66922,            0.026893,           0.0096873,          0.00023925,            0.006832,            0.006832,            0.006832
                  98,             0.02079,            0.013553,          0.00019116,             0.86345,             0.86298,             0.90034,             0.66878,            0.026906,            0.009677,          0.00024502,            0.006799,            0.006799,            0.006799
                  99,            0.020445,            0.013527,           0.0001906,             0.86375,              0.8652,             0.90108,              0.6687,            0.026873,           0.0096679,           0.0002419,            0.006766,            0.006766,            0.006766
                 100,            0.020711,            0.013609,          0.00019552,             0.86445,             0.86107,             0.90235,             0.66889,            0.026862,            0.009658,          0.00024583,            0.006733,            0.006733,            0.006733
                 101,            0.020797,            0.013459,          0.00019219,             0.86771,             0.85779,              0.9026,             0.66963,            0.026848,           0.0096532,          0.00024436,              0.0067,              0.0067,              0.0067
                 102,            0.020619,            0.013725,          0.00018781,             0.86894,             0.85779,             0.90132,             0.67082,            0.026831,           0.0096575,          0.00023888,            0.006667,            0.006667,            0.006667
                 103,            0.020434,            0.013472,          0.00018936,             0.86863,             0.85615,             0.89946,             0.66901,            0.026803,           0.0096914,          0.00023108,            0.006634,            0.006634,            0.006634
                 104,            0.020685,            0.013491,           0.0001878,             0.86835,             0.85492,             0.89878,             0.66942,            0.026747,           0.0097183,          0.00022566,            0.006601,            0.006601,            0.006601
                 105,            0.020453,            0.013418,           0.0001869,             0.87115,             0.85346,             0.89844,             0.66854,            0.026685,           0.0097218,          0.00021982,            0.006568,            0.006568,            0.006568
                 106,            0.020503,             0.01335,           0.0001871,             0.87255,             0.85014,             0.89814,             0.66841,            0.026655,           0.0097404,          0.00021382,            0.006535,            0.006535,            0.006535
                 107,            0.020575,            0.013423,          0.00019151,             0.86366,             0.85932,             0.89832,             0.66826,             0.02664,           0.0097525,           0.0002107,            0.006502,            0.006502,            0.006502
                 108,            0.020435,             0.01352,          0.00018895,             0.86084,             0.85946,             0.89841,             0.66788,            0.026631,           0.0097568,          0.00020984,            0.006469,            0.006469,            0.006469
                 109,            0.020478,            0.013252,          0.00018639,             0.86161,             0.85989,             0.89873,             0.66745,            0.026634,           0.0097726,          0.00020997,            0.006436,            0.006436,            0.006436
                 110,            0.020332,            0.013167,          0.00018358,             0.85917,             0.86261,             0.89867,             0.66663,            0.026647,           0.0097844,          0.00020938,            0.006403,            0.006403,            0.006403
                 111,            0.020295,            0.013284,          0.00017731,             0.85773,             0.86231,             0.89866,             0.66688,            0.026658,           0.0097866,          0.00020876,             0.00637,             0.00637,             0.00637
                 112,            0.020301,            0.013206,          0.00018046,             0.86558,              0.8577,             0.89805,              0.6661,            0.026671,           0.0097954,          0.00021052,            0.006337,            0.006337,            0.006337
                 113,            0.020139,            0.013225,          0.00018087,             0.86703,              0.8578,             0.89906,             0.66645,            0.026687,           0.0098043,          0.00021158,            0.006304,            0.006304,            0.006304
                 114,            0.020179,            0.013221,          0.00017682,             0.86885,             0.85796,             0.89928,             0.66728,            0.026697,           0.0097926,          0.00021032,            0.006271,            0.006271,            0.006271
                 115,            0.020306,            0.013153,          0.00017899,               0.863,             0.86148,             0.89881,             0.66705,            0.026695,           0.0097972,           0.0002116,            0.006238,            0.006238,            0.006238
                 116,            0.020157,            0.013234,          0.00018279,             0.86373,             0.85982,             0.89791,             0.66789,            0.026702,           0.0098151,          0.00021499,            0.006205,            0.006205,            0.006205
                 117,            0.020112,            0.013029,          0.00017614,              0.8661,             0.85892,             0.89847,             0.66804,            0.026705,             0.00982,          0.00022013,            0.006172,            0.006172,            0.006172
                 118,            0.019969,            0.013318,          0.00017752,             0.86515,             0.85861,             0.89795,             0.66779,            0.026701,           0.0098245,           0.0002163,            0.006139,            0.006139,            0.006139
                 119,            0.020304,            0.013081,          0.00018269,             0.86352,             0.85902,             0.89832,             0.66838,            0.026703,           0.0098242,          0.00021491,            0.006106,            0.006106,            0.006106
                 120,            0.020052,            0.012976,          0.00017627,             0.86484,             0.85533,             0.89832,             0.66791,            0.026705,           0.0098357,           0.0002159,            0.006073,            0.006073,            0.006073
                 121,             0.01937,            0.012285,           0.0001763,             0.86644,             0.85205,             0.89791,              0.6678,            0.026713,           0.0098589,          0.00021781,             0.00604,             0.00604,             0.00604
                 122,            0.019531,            0.012402,          0.00017617,             0.86478,             0.85183,             0.89708,              0.6679,            0.026729,           0.0098841,          0.00022394,            0.006007,            0.006007,            0.006007
                 123,            0.019384,            0.012419,          0.00017926,             0.86612,              0.8511,             0.89707,             0.66814,             0.02674,           0.0099052,          0.00022957,            0.005974,            0.005974,            0.005974
                 124,            0.019247,            0.012151,          0.00017496,             0.86405,             0.85205,             0.89718,             0.66833,             0.02676,           0.0099205,          0.00023732,            0.005941,            0.005941,            0.005941
                 125,            0.019066,            0.012389,          0.00017229,             0.86335,             0.85449,             0.89727,             0.66844,            0.026769,            0.009938,          0.00024158,            0.005908,            0.005908,            0.005908
                 126,             0.01929,            0.012154,          0.00017346,             0.86722,             0.84959,             0.89713,             0.66813,            0.026771,           0.0099535,          0.00024333,            0.005875,            0.005875,            0.005875
                 127,            0.019306,            0.012073,           0.0001755,             0.86861,             0.84795,             0.89684,             0.66776,            0.026771,           0.0099728,          0.00024307,            0.005842,            0.005842,            0.005842
                 128,            0.019867,            0.013154,          0.00017209,             0.86641,             0.85058,             0.89636,             0.66785,            0.026773,           0.0099751,           0.0002455,            0.005809,            0.005809,            0.005809
                 129,            0.019744,            0.012854,          0.00016254,             0.86495,             0.85043,             0.89603,              0.6678,            0.026767,           0.0099714,          0.00024408,            0.005776,            0.005776,            0.005776
                 130,            0.019669,            0.013091,          0.00016591,             0.86585,             0.85175,             0.89621,             0.66798,            0.026763,           0.0099688,          0.00024105,            0.005743,            0.005743,            0.005743
                 131,            0.019677,            0.013002,          0.00016557,             0.86598,             0.85269,             0.89612,             0.66776,            0.026757,           0.0099649,           0.0002392,             0.00571,             0.00571,             0.00571
                 132,            0.019775,            0.012815,          0.00016427,              0.8652,             0.85494,             0.89598,             0.66817,            0.026757,           0.0099692,          0.00023985,            0.005677,            0.005677,            0.005677
                 133,            0.019675,            0.012718,          0.00016053,             0.86539,             0.85492,             0.89627,             0.66836,            0.026748,           0.0099663,          0.00023941,            0.005644,            0.005644,            0.005644
                 134,            0.019373,            0.012689,          0.00016241,             0.86808,             0.85164,             0.89616,             0.66874,            0.026736,           0.0099642,          0.00023768,            0.005611,            0.005611,            0.005611
                 135,             0.01957,            0.012617,          0.00016245,             0.86636,             0.85164,             0.89637,              0.6689,            0.026728,            0.009962,          0.00023634,            0.005578,            0.005578,            0.005578
                 136,            0.019412,            0.012934,            0.000161,             0.86788,             0.85246,             0.89671,             0.66929,            0.026716,           0.0099629,          0.00023568,            0.005545,            0.005545,            0.005545
                 137,            0.019447,            0.012715,          0.00016124,             0.87078,             0.85061,             0.89664,             0.66906,            0.026706,           0.0099607,          0.00023444,            0.005512,            0.005512,            0.005512
                 138,            0.019444,            0.012663,          0.00015878,             0.87139,             0.85041,             0.89702,             0.66949,            0.026689,           0.0099608,          0.00023222,            0.005479,            0.005479,            0.005479
                 139,            0.019472,            0.012738,          0.00016046,             0.87125,                0.85,             0.89709,             0.66991,            0.026684,           0.0099636,          0.00023031,            0.005446,            0.005446,            0.005446
                 140,            0.019457,            0.012739,          0.00015661,             0.87023,             0.85123,               0.897,             0.67049,            0.026673,           0.0099661,          0.00022828,            0.005413,            0.005413,            0.005413
                 141,            0.019301,            0.012547,          0.00015877,             0.87015,             0.85123,             0.89709,             0.67018,             0.02667,           0.0099669,          0.00022725,             0.00538,             0.00538,             0.00538
                 142,            0.019386,            0.012595,          0.00015747,             0.86829,              0.8541,             0.89689,             0.66996,            0.026665,           0.0099628,          0.00022496,            0.005347,            0.005347,            0.005347
                 143,            0.019221,            0.012576,          0.00015656,             0.86923,             0.85369,             0.89685,             0.67017,            0.026657,           0.0099635,           0.0002216,            0.005314,            0.005314,            0.005314
                 144,            0.019167,            0.012573,          0.00014999,             0.86552,              0.8546,             0.89708,             0.67054,             0.02665,           0.0099644,          0.00021969,            0.005281,            0.005281,            0.005281
                 145,            0.019061,            0.012707,          0.00015505,             0.86587,             0.85492,             0.89672,             0.67044,            0.026644,           0.0099661,          0.00021739,            0.005248,            0.005248,            0.005248
                 146,            0.018864,            0.012186,          0.00015345,             0.86296,             0.85683,             0.89691,             0.67074,            0.026639,           0.0099708,          0.00021671,            0.005215,            0.005215,            0.005215
                 147,            0.019159,            0.012631,          0.00015384,             0.86681,             0.85369,             0.89634,             0.67052,            0.026634,           0.0099753,          0.00021733,            0.005182,            0.005182,            0.005182
                 148,            0.019132,             0.01249,          0.00015527,             0.86586,             0.85182,             0.89531,              0.6704,            0.026629,           0.0099819,          0.00021726,            0.005149,            0.005149,            0.005149
                 149,            0.019185,            0.012549,          0.00015867,             0.86555,             0.85164,             0.89555,             0.67011,            0.026622,           0.0099893,          0.00021722,            0.005116,            0.005116,            0.005116
                 150,            0.019038,            0.012362,          0.00015739,             0.86757,             0.85164,             0.89535,             0.67016,            0.026615,           0.0099918,          0.00021605,            0.005083,            0.005083,            0.005083
                 151,            0.018948,            0.012332,          0.00015435,             0.86882,             0.85205,             0.89519,              0.6703,            0.026606,           0.0099952,          0.00021465,             0.00505,             0.00505,             0.00505
                 152,              0.0191,            0.012252,          0.00015307,             0.86994,             0.85123,             0.89548,             0.67069,            0.026604,            0.010002,          0.00021495,            0.005017,            0.005017,            0.005017
                 153,            0.018827,            0.012273,          0.00014681,             0.87086,             0.85041,             0.89546,             0.67064,            0.026602,            0.010009,          0.00021524,            0.004984,            0.004984,            0.004984
                 154,            0.018878,            0.012194,          0.00015069,             0.87079,             0.85073,             0.89534,             0.67104,            0.026597,            0.010015,          0.00021438,            0.004951,            0.004951,            0.004951
                 155,            0.018814,            0.012358,          0.00014803,             0.87048,              0.8511,             0.89492,              0.6708,            0.026595,            0.010019,          0.00021439,            0.004918,            0.004918,            0.004918
                 156,             0.01882,             0.01217,          0.00014609,             0.87049,              0.8512,             0.89515,             0.67103,            0.026595,            0.010025,          0.00021437,            0.004885,            0.004885,            0.004885
                 157,            0.018674,            0.012011,          0.00014797,              0.8702,             0.85164,             0.89569,             0.67111,            0.026593,            0.010032,          0.00021405,            0.004852,            0.004852,            0.004852
                 158,            0.018784,            0.012166,           0.0001445,             0.87079,             0.85073,             0.89557,             0.67139,             0.02659,            0.010035,           0.0002148,            0.004819,            0.004819,            0.004819
                 159,            0.018699,            0.012243,          0.00014678,             0.87146,             0.85026,             0.89535,             0.67141,            0.026579,            0.010041,          0.00021479,            0.004786,            0.004786,            0.004786
                 160,             0.01875,            0.012165,          0.00014624,             0.87197,                0.85,              0.8951,             0.67128,            0.026577,            0.010047,          0.00021509,            0.004753,            0.004753,            0.004753
                 161,            0.018754,            0.012345,          0.00014679,              0.8719,             0.85041,             0.89589,              0.6711,             0.02657,             0.01005,          0.00021493,             0.00472,             0.00472,             0.00472
                 162,            0.018564,            0.012091,          0.00013884,             0.87151,                0.85,             0.89584,             0.67127,            0.026564,            0.010057,          0.00021445,            0.004687,            0.004687,            0.004687
                 163,            0.018662,            0.011984,          0.00014096,             0.87096,             0.85202,             0.89565,             0.67073,            0.026556,            0.010064,          0.00021287,            0.004654,            0.004654,            0.004654
                 164,            0.018431,            0.012125,           0.0001388,             0.87153,             0.85041,              0.8952,             0.67079,            0.026555,             0.01007,          0.00021263,            0.004621,            0.004621,            0.004621
                 165,            0.018476,            0.012262,           0.0001369,             0.87262,             0.85041,             0.89559,             0.67072,            0.026556,            0.010074,          0.00021245,            0.004588,            0.004588,            0.004588
                 166,            0.018444,            0.012049,          0.00013954,             0.87118,             0.85041,             0.89517,             0.67101,            0.026556,            0.010078,          0.00021241,            0.004555,            0.004555,            0.004555
                 167,            0.018398,            0.011938,          0.00013894,             0.87289,             0.85041,             0.89547,             0.67103,            0.026555,            0.010083,          0.00021158,            0.004522,            0.004522,            0.004522
                 168,            0.018402,            0.011882,          0.00013868,             0.87107,             0.85328,             0.89569,              0.6707,            0.026554,            0.010091,          0.00021109,            0.004489,            0.004489,            0.004489
                 169,            0.018388,            0.011769,          0.00013801,             0.87161,             0.85328,             0.89569,             0.67047,            0.026547,              0.0101,          0.00021071,            0.004456,            0.004456,            0.004456
                 170,            0.018122,            0.011581,          0.00013109,             0.87027,              0.8541,             0.89555,             0.67067,            0.026547,            0.010107,          0.00021035,            0.004423,            0.004423,            0.004423
                 171,             0.01829,            0.011836,          0.00013202,             0.87351,             0.85369,             0.89543,             0.67067,            0.026547,            0.010112,          0.00021094,             0.00439,             0.00439,             0.00439
                 172,            0.018317,            0.011921,          0.00013398,               0.874,             0.85284,             0.89538,             0.67067,            0.026541,            0.010119,          0.00021055,            0.004357,            0.004357,            0.004357
                 173,            0.018116,            0.012042,          0.00013043,             0.87291,             0.85289,             0.89518,             0.67054,            0.026542,            0.010125,          0.00021106,            0.004324,            0.004324,            0.004324
                 174,            0.018074,            0.011858,          0.00013149,             0.87156,             0.85381,             0.89494,             0.67102,            0.026542,             0.01013,          0.00021115,            0.004291,            0.004291,            0.004291
                 175,            0.018058,            0.011693,          0.00013016,             0.87109,             0.85301,             0.89505,             0.67114,            0.026544,            0.010136,          0.00021204,            0.004258,            0.004258,            0.004258
                 176,            0.017981,            0.011759,          0.00012885,             0.87122,             0.85328,             0.89497,             0.67101,            0.026546,            0.010141,          0.00021229,            0.004225,            0.004225,            0.004225
                 177,            0.018193,            0.011836,          0.00012841,             0.87161,             0.85135,             0.89494,             0.67136,            0.026555,            0.010145,          0.00021357,            0.004192,            0.004192,            0.004192
                 178,            0.017942,            0.011483,          0.00013087,             0.87117,             0.85082,             0.89473,             0.67142,            0.026558,             0.01015,          0.00021449,            0.004159,            0.004159,            0.004159
                 179,            0.018122,            0.011506,          0.00012534,              0.8732,             0.84948,              0.8946,             0.67126,            0.026558,            0.010157,          0.00021477,            0.004126,            0.004126,            0.004126
                 180,            0.017964,            0.011636,          0.00012657,              0.8742,             0.84877,             0.89467,             0.67134,             0.02656,            0.010163,          0.00021568,            0.004093,            0.004093,            0.004093
                 181,            0.017853,            0.011494,          0.00012624,             0.87366,             0.84836,             0.89441,             0.67132,             0.02656,            0.010171,          0.00021607,             0.00406,             0.00406,             0.00406
                 182,            0.017994,            0.011545,          0.00012474,             0.87419,              0.8486,             0.89514,              0.6715,            0.026557,            0.010176,          0.00021645,            0.004027,            0.004027,            0.004027
                 183,            0.017929,            0.011746,          0.00012819,             0.87175,             0.84969,             0.89478,              0.6711,            0.026555,             0.01018,          0.00021713,            0.003994,            0.003994,            0.003994
                 184,            0.018054,            0.011794,          0.00012659,             0.87321,             0.84957,             0.89524,             0.67145,            0.026555,            0.010186,           0.0002188,            0.003961,            0.003961,            0.003961
                 185,            0.018015,             0.01163,          0.00012357,              0.8742,             0.84872,             0.89484,             0.67181,            0.026555,            0.010192,          0.00022041,            0.003928,            0.003928,            0.003928
                 186,             0.01778,            0.011403,          0.00012266,             0.87298,             0.84784,             0.89443,             0.67165,            0.026557,            0.010198,          0.00022213,            0.003895,            0.003895,            0.003895
                 187,            0.017757,            0.011448,          0.00012004,             0.87202,             0.84892,             0.89428,              0.6718,            0.026557,            0.010204,          0.00022285,            0.003862,            0.003862,            0.003862
                 188,            0.017568,            0.011463,          0.00012197,             0.87247,             0.84955,             0.89429,             0.67207,            0.026555,            0.010208,            0.000223,            0.003829,            0.003829,            0.003829
                 189,            0.017616,            0.011495,          0.00011892,             0.87231,             0.84835,             0.89388,               0.672,            0.026557,            0.010214,          0.00022298,            0.003796,            0.003796,            0.003796
                 190,            0.017561,            0.011367,          0.00011835,             0.87257,             0.84753,              0.8938,             0.67143,            0.026562,            0.010219,          0.00022312,            0.003763,            0.003763,            0.003763
                 191,            0.017653,            0.011604,           0.0001156,             0.87255,             0.84738,             0.89364,             0.67182,            0.026569,            0.010225,          0.00022442,             0.00373,             0.00373,             0.00373
                 192,            0.017428,            0.011293,          0.00011671,             0.87257,             0.84713,             0.89446,             0.67217,            0.026574,            0.010231,           0.0002249,            0.003697,            0.003697,            0.003697
                 193,            0.017464,            0.011266,          0.00011752,             0.87367,             0.84672,             0.89435,             0.67237,            0.026575,            0.010238,          0.00022492,            0.003664,            0.003664,            0.003664
                 194,            0.017525,             0.01132,          0.00011549,             0.87394,             0.84668,             0.89431,             0.67172,            0.026578,            0.010247,          0.00022516,            0.003631,            0.003631,            0.003631
                 195,            0.017522,            0.011455,          0.00011574,             0.87499,             0.84626,             0.89472,             0.67146,            0.026581,            0.010252,           0.0002256,            0.003598,            0.003598,            0.003598
                 196,             0.01735,            0.011235,          0.00011106,             0.87504,             0.84659,             0.89465,             0.67178,            0.026585,             0.01026,          0.00022625,            0.003565,            0.003565,            0.003565
                 197,            0.017428,            0.011261,          0.00011211,             0.87481,             0.84774,             0.89465,              0.6716,             0.02659,            0.010263,          0.00022644,            0.003532,            0.003532,            0.003532
                 198,             0.01732,            0.011275,          0.00011144,             0.87486,             0.84811,             0.89467,             0.67172,            0.026593,            0.010268,          0.00022621,            0.003499,            0.003499,            0.003499
                 199,            0.017354,            0.011177,          0.00011229,             0.87452,             0.84795,             0.89455,             0.67161,            0.026596,            0.010275,          0.00022668,            0.003466,            0.003466,            0.003466
                 200,            0.017169,            0.011086,           0.0001081,             0.87451,             0.84795,              0.8942,             0.67133,            0.026595,            0.010278,          0.00022663,            0.003433,            0.003433,            0.003433
                 201,            0.017187,            0.011173,           0.0001081,             0.87442,             0.84758,             0.89421,             0.67182,            0.026593,            0.010281,          0.00022656,              0.0034,              0.0034,              0.0034
                 202,            0.017069,             0.01127,           0.0001093,             0.87417,             0.84795,             0.89384,             0.67184,            0.026597,            0.010289,          0.00022691,            0.003367,            0.003367,            0.003367
                 203,            0.017158,            0.011119,          0.00010772,             0.87403,             0.84737,             0.89384,             0.67142,            0.026599,            0.010297,          0.00022723,            0.003334,            0.003334,            0.003334
                 204,            0.017181,            0.010986,          0.00010565,             0.87266,             0.84818,             0.89393,             0.67182,              0.0266,            0.010304,          0.00022818,            0.003301,            0.003301,            0.003301
                 205,            0.017192,            0.011133,          0.00010636,             0.87039,             0.84877,             0.89348,             0.67177,            0.026601,            0.010308,          0.00022887,            0.003268,            0.003268,            0.003268
                 206,            0.016966,            0.010883,           0.0001045,             0.87103,             0.84877,             0.89349,             0.67195,            0.026603,            0.010317,          0.00022948,            0.003235,            0.003235,            0.003235
                 207,            0.016956,            0.011186,          0.00010558,             0.87216,             0.84754,             0.89307,             0.67129,            0.026604,            0.010326,          0.00023017,            0.003202,            0.003202,            0.003202
                 208,            0.016925,            0.010857,          0.00010137,             0.87642,             0.84467,              0.8932,             0.67115,            0.026605,            0.010336,          0.00023067,            0.003169,            0.003169,            0.003169
                 209,            0.016912,            0.010951,          0.00010221,             0.87577,             0.84508,             0.89328,             0.67157,            0.026609,            0.010342,          0.00023132,            0.003136,            0.003136,            0.003136
                 210,            0.016894,            0.010865,          0.00010318,              0.8763,             0.84487,             0.89344,             0.67171,            0.026609,            0.010349,          0.00023188,            0.003103,            0.003103,            0.003103
                 211,            0.016906,            0.010825,           0.0001017,             0.87251,             0.84704,             0.89333,             0.67181,            0.026609,            0.010357,          0.00023239,             0.00307,             0.00307,             0.00307
                 212,            0.016794,            0.010964,          0.00010208,             0.87279,             0.84631,             0.89254,             0.67197,            0.026615,            0.010366,          0.00023383,            0.003037,            0.003037,            0.003037
                 213,            0.016788,            0.010706,          9.7566e-05,             0.87415,             0.84547,             0.89245,             0.67219,             0.02662,            0.010374,          0.00023437,            0.003004,            0.003004,            0.003004
                 214,            0.016823,            0.010988,          9.6696e-05,             0.87356,             0.84661,             0.89237,             0.67198,            0.026624,            0.010382,          0.00023516,            0.002971,            0.002971,            0.002971
                 215,            0.016777,            0.010752,          9.5284e-05,             0.87304,             0.84549,             0.89206,              0.6718,            0.026627,             0.01039,          0.00023575,            0.002938,            0.002938,            0.002938
                 216,            0.016673,            0.010759,          9.7463e-05,             0.87329,             0.84457,             0.89234,             0.67181,            0.026632,            0.010401,            0.000236,            0.002905,            0.002905,            0.002905
                 217,            0.016613,            0.010611,          9.3827e-05,             0.87238,             0.84426,              0.8916,             0.67246,            0.026634,            0.010411,          0.00023641,            0.002872,            0.002872,            0.002872
                 218,            0.016687,            0.010714,          9.4017e-05,             0.87299,             0.84385,             0.89141,             0.67226,            0.026639,            0.010421,          0.00023717,            0.002839,            0.002839,            0.002839
                 219,            0.016533,            0.010613,          9.3636e-05,             0.87477,             0.84163,             0.89097,             0.67193,            0.026647,             0.01043,          0.00023851,            0.002806,            0.002806,            0.002806
                 220,            0.016338,            0.010622,           9.448e-05,               0.875,             0.84341,             0.89105,             0.67176,            0.026651,             0.01044,           0.0002382,            0.002773,            0.002773,            0.002773
                 221,            0.016351,            0.010665,          9.1039e-05,              0.8752,              0.8418,             0.89087,             0.67164,            0.026652,             0.01045,          0.00023823,             0.00274,             0.00274,             0.00274
                 222,            0.016541,            0.010629,          9.0734e-05,             0.87417,             0.84276,             0.89094,              0.6719,            0.026659,            0.010457,          0.00023837,            0.002707,            0.002707,            0.002707
                 223,            0.016456,            0.010844,          8.7712e-05,             0.87364,             0.84221,             0.89075,             0.67172,            0.026665,            0.010463,          0.00023833,            0.002674,            0.002674,            0.002674
                 224,            0.016334,            0.010629,          8.8977e-05,             0.87336,             0.84221,             0.89063,             0.67152,            0.026669,            0.010474,          0.00023807,            0.002641,            0.002641,            0.002641
                 225,             0.01642,            0.010601,          8.8016e-05,             0.87314,              0.8434,             0.89063,             0.67157,            0.026671,            0.010483,          0.00023768,            0.002608,            0.002608,            0.002608
                 226,            0.016275,            0.010504,          8.6604e-05,             0.86981,             0.84385,             0.89004,             0.67161,            0.026673,            0.010491,          0.00023732,            0.002575,            0.002575,            0.002575
                 227,            0.016202,            0.010456,           8.657e-05,             0.86969,             0.84426,             0.88956,              0.6712,            0.026677,            0.010501,          0.00023724,            0.002542,            0.002542,            0.002542
                 228,             0.01619,            0.010424,          8.4411e-05,             0.86941,             0.84467,             0.88954,              0.6713,            0.026681,            0.010509,          0.00023765,            0.002509,            0.002509,            0.002509
                 229,            0.016194,            0.010605,          8.3157e-05,             0.86998,             0.84426,             0.88941,             0.67167,            0.026685,             0.01052,          0.00023829,            0.002476,            0.002476,            0.002476
                 230,            0.016072,            0.010373,          8.1701e-05,             0.86716,             0.84539,             0.88929,             0.67174,             0.02669,            0.010534,          0.00023859,            0.002443,            0.002443,            0.002443
                 231,            0.016106,            0.010417,          7.7875e-05,             0.86857,             0.84508,              0.8892,             0.67122,            0.026696,            0.010544,          0.00023851,             0.00241,             0.00241,             0.00241
                 232,            0.016075,             0.01036,          7.7816e-05,              0.8685,             0.84453,             0.88908,             0.67128,            0.026706,            0.010559,           0.0002393,            0.002377,            0.002377,            0.002377
                 233,            0.016095,            0.010336,          8.0595e-05,             0.86861,             0.84261,             0.88896,             0.67145,            0.026712,            0.010572,          0.00023963,            0.002344,            0.002344,            0.002344
                 234,            0.015973,            0.010297,          7.9159e-05,             0.86759,             0.84221,             0.88834,             0.67109,            0.026719,            0.010586,          0.00023995,            0.002311,            0.002311,            0.002311
                 235,            0.015998,            0.010186,          7.6839e-05,              0.8643,             0.84713,             0.88813,             0.67059,            0.026726,            0.010601,           0.0002403,            0.002278,            0.002278,            0.002278
                 236,            0.016007,            0.010299,          7.5108e-05,             0.86338,             0.84631,             0.88822,             0.67053,            0.026734,            0.010613,          0.00024036,            0.002245,            0.002245,            0.002245
                 237,            0.016133,            0.010433,          7.5958e-05,             0.86288,              0.8459,             0.88802,             0.67027,            0.026741,            0.010623,          0.00024076,            0.002212,            0.002212,            0.002212
                 238,            0.016058,            0.010375,          7.3944e-05,             0.86542,             0.84338,             0.88775,              0.6697,            0.026746,            0.010634,          0.00024095,            0.002179,            0.002179,            0.002179
                 239,            0.016036,            0.010259,          7.3317e-05,             0.86523,               0.842,             0.88775,             0.66998,             0.02675,            0.010643,          0.00024108,            0.002146,            0.002146,            0.002146
                 240,            0.015988,            0.010456,          7.4359e-05,             0.86564,             0.84139,             0.88801,             0.67021,            0.026757,            0.010652,          0.00024168,            0.002113,            0.002113,            0.002113
                 241,             0.01593,            0.010326,          7.2931e-05,             0.86521,              0.8418,             0.88779,             0.67027,            0.026762,            0.010665,          0.00024185,             0.00208,             0.00208,             0.00208
                 242,            0.015842,            0.010138,          7.0379e-05,             0.86588,             0.84098,             0.88776,             0.67071,             0.02677,            0.010678,          0.00024256,            0.002047,            0.002047,            0.002047
                 243,            0.015697,            0.010172,          6.8985e-05,             0.86661,             0.84016,             0.88753,             0.67045,            0.026773,             0.01069,          0.00024241,            0.002014,            0.002014,            0.002014
                 244,             0.01575,            0.010253,          6.8374e-05,             0.87796,             0.83033,             0.88722,             0.67059,            0.026779,            0.010703,          0.00024263,            0.001981,            0.001981,            0.001981
                 245,            0.015687,            0.010141,          6.8506e-05,             0.87786,             0.83033,             0.88723,              0.6703,            0.026787,            0.010716,          0.00024311,            0.001948,            0.001948,            0.001948
                 246,            0.015512,            0.010133,          6.7349e-05,              0.8797,             0.83017,             0.88715,             0.67043,            0.026793,             0.01073,          0.00024299,            0.001915,            0.001915,            0.001915
                 247,            0.015523,            0.010211,          6.6085e-05,             0.87976,             0.83061,             0.88695,             0.67037,            0.026793,            0.010744,          0.00024275,            0.001882,            0.001882,            0.001882
                 248,            0.015679,            0.010118,          6.4338e-05,             0.87906,             0.83033,             0.88663,             0.67029,              0.0268,            0.010756,          0.00024285,            0.001849,            0.001849,            0.001849
                 249,            0.015491,           0.0099782,          6.3621e-05,             0.87814,             0.83156,             0.88653,             0.67066,            0.026804,             0.01077,          0.00024224,            0.001816,            0.001816,            0.001816
                 250,            0.015341,           0.0099994,          6.1656e-05,             0.87883,             0.83115,             0.88629,             0.67071,             0.02681,            0.010785,          0.00024245,            0.001783,            0.001783,            0.001783
                 251,            0.015372,           0.0099405,          6.1451e-05,             0.87966,             0.82985,             0.88607,             0.67064,            0.026815,            0.010799,          0.00024212,             0.00175,             0.00175,             0.00175
                 252,             0.01533,            0.009922,          6.0596e-05,             0.87873,             0.83155,             0.88572,             0.67015,            0.026822,            0.010816,          0.00024187,            0.001717,            0.001717,            0.001717
                 253,            0.015389,           0.0098538,          5.8737e-05,             0.87827,             0.83093,             0.88558,             0.67075,            0.026825,             0.01083,          0.00024161,            0.001684,            0.001684,            0.001684
                 254,            0.015413,            0.010131,          5.9186e-05,             0.87829,             0.83109,              0.8854,             0.67046,            0.026834,            0.010844,          0.00024195,            0.001651,            0.001651,            0.001651
                 255,            0.015249,           0.0097483,          5.8092e-05,             0.88029,             0.82869,             0.88536,             0.67054,            0.026837,             0.01086,          0.00024222,            0.001618,            0.001618,            0.001618
                 256,            0.015268,            0.009958,          5.7344e-05,             0.88097,             0.82809,             0.88515,             0.67108,            0.026838,            0.010875,          0.00024183,            0.001585,            0.001585,            0.001585
                 257,            0.015246,           0.0097639,          5.6317e-05,             0.87819,             0.83031,             0.88521,             0.67122,             0.02684,            0.010887,          0.00024147,            0.001552,            0.001552,            0.001552
                 258,            0.015289,           0.0099807,          5.5485e-05,             0.87858,             0.83036,              0.8851,              0.6709,            0.026842,            0.010898,          0.00024118,            0.001519,            0.001519,            0.001519
                 259,            0.015217,           0.0097481,          5.3062e-05,             0.87231,             0.83711,             0.88491,             0.67131,            0.026841,            0.010909,          0.00024093,            0.001486,            0.001486,            0.001486
                 260,            0.015119,           0.0096997,          5.1935e-05,             0.87209,             0.83827,             0.88481,              0.6714,             0.02684,            0.010922,          0.00024066,            0.001453,            0.001453,            0.001453
                 261,            0.015039,           0.0097609,           5.178e-05,             0.87259,              0.8377,              0.8849,             0.67126,            0.026843,            0.010934,          0.00024081,             0.00142,             0.00142,             0.00142
                 262,            0.014938,           0.0095704,          5.2032e-05,             0.87383,             0.83566,             0.88468,             0.67106,            0.026844,            0.010949,          0.00024044,            0.001387,            0.001387,            0.001387
                 263,            0.015067,           0.0095926,           5.111e-05,             0.87504,             0.83525,             0.88446,             0.67103,            0.026849,            0.010962,          0.00024026,            0.001354,            0.001354,            0.001354
                 264,            0.014846,           0.0097141,          5.0063e-05,             0.87422,             0.83463,             0.88455,             0.67073,            0.026847,            0.010976,          0.00023971,            0.001321,            0.001321,            0.001321
                 265,              0.0149,           0.0095461,           4.898e-05,             0.87456,             0.83443,             0.88421,             0.67063,             0.02685,             0.01099,          0.00023994,            0.001288,            0.001288,            0.001288
                 266,            0.014811,           0.0093428,          4.7027e-05,             0.87349,             0.83443,             0.88417,             0.67092,            0.026849,            0.011006,          0.00024014,            0.001255,            0.001255,            0.001255
                 267,            0.014822,           0.0096193,          4.6104e-05,             0.87826,              0.8291,             0.88383,             0.67076,            0.026856,             0.01102,          0.00024058,            0.001222,            0.001222,            0.001222
                 268,            0.014623,           0.0095198,          4.5982e-05,             0.87847,              0.8295,             0.88369,             0.67104,            0.026861,            0.011039,           0.0002411,            0.001189,            0.001189,            0.001189
                 269,            0.014672,           0.0094827,          4.4954e-05,             0.87715,             0.82951,             0.88356,             0.67086,            0.026865,            0.011055,          0.00024144,            0.001156,            0.001156,            0.001156
                 270,            0.014604,           0.0094587,          4.4071e-05,             0.87237,             0.83525,             0.88335,             0.67097,            0.026867,            0.011072,          0.00024155,            0.001123,            0.001123,            0.001123
                 271,            0.014615,           0.0094014,          4.3468e-05,             0.87437,             0.83291,             0.88307,             0.67073,             0.02687,            0.011089,          0.00024158,             0.00109,             0.00109,             0.00109
                 272,            0.014617,           0.0092256,          4.3025e-05,             0.87481,             0.83336,             0.88279,             0.67123,            0.026874,            0.011104,          0.00024151,            0.001057,            0.001057,            0.001057
                 273,            0.014691,           0.0093496,          4.2077e-05,             0.87432,             0.83255,             0.88267,              0.6711,            0.026879,            0.011121,          0.00024156,            0.001024,            0.001024,            0.001024
                 274,            0.014495,           0.0092804,          4.1217e-05,             0.87325,             0.83443,             0.88242,             0.67079,             0.02688,            0.011137,          0.00024116,            0.000991,            0.000991,            0.000991
                 275,            0.014462,           0.0095174,          4.0462e-05,             0.87416,             0.83414,             0.88245,             0.67041,            0.026882,            0.011155,          0.00024097,            0.000958,            0.000958,            0.000958
                 276,            0.014342,           0.0092686,          3.9031e-05,             0.87401,             0.83587,             0.88242,             0.67054,            0.026885,            0.011175,          0.00024118,            0.000925,            0.000925,            0.000925
                 277,            0.014333,           0.0092098,          3.8881e-05,             0.87397,             0.83648,             0.88245,             0.67066,            0.026893,            0.011192,          0.00024112,            0.000892,            0.000892,            0.000892
                 278,            0.014345,           0.0091281,          3.7711e-05,             0.87395,             0.83648,             0.88231,             0.67048,            0.026896,            0.011211,          0.00024099,            0.000859,            0.000859,            0.000859
                 279,            0.014581,           0.0092544,           3.753e-05,             0.87404,             0.83648,             0.88211,             0.67046,            0.026899,            0.011226,          0.00024084,            0.000826,            0.000826,            0.000826
                 280,            0.014205,           0.0093426,          3.6137e-05,             0.87363,             0.83585,             0.88163,             0.67042,            0.026905,            0.011243,          0.00024138,            0.000793,            0.000793,            0.000793
                 281,            0.014155,            0.008981,          3.5325e-05,             0.87443,             0.83607,             0.88142,             0.66993,            0.026912,            0.011261,          0.00024169,             0.00076,             0.00076,             0.00076
                 282,            0.014173,           0.0091212,          3.4467e-05,             0.87421,             0.83648,             0.88144,             0.66986,            0.026915,            0.011277,          0.00024192,            0.000727,            0.000727,            0.000727
                 283,             0.01416,           0.0089811,          3.3623e-05,             0.87421,             0.83648,             0.88116,             0.66972,            0.026919,            0.011297,          0.00024228,            0.000694,            0.000694,            0.000694
                 284,            0.014199,            0.009095,          3.3076e-05,             0.87386,             0.83607,             0.88101,             0.66974,            0.026927,            0.011316,          0.00024285,            0.000661,            0.000661,            0.000661
                 285,             0.01406,           0.0089974,          3.2718e-05,             0.87408,             0.83642,             0.88081,             0.66913,            0.026937,            0.011335,          0.00024351,            0.000628,            0.000628,            0.000628
                 286,            0.014089,           0.0090765,          3.2235e-05,             0.87388,             0.83648,             0.88045,             0.66898,            0.026946,            0.011356,          0.00024425,            0.000595,            0.000595,            0.000595
                 287,            0.013952,           0.0088611,           3.131e-05,             0.87442,             0.83614,             0.88011,             0.66883,            0.026952,            0.011373,          0.00024481,            0.000562,            0.000562,            0.000562
                 288,             0.01397,           0.0089085,          3.0528e-05,             0.87404,             0.83566,             0.88009,             0.66901,             0.02696,            0.011393,          0.00024509,            0.000529,            0.000529,            0.000529
                 289,            0.013968,           0.0090201,          3.0512e-05,             0.87327,             0.83594,             0.87994,             0.66888,             0.02697,            0.011412,          0.00024549,            0.000496,            0.000496,            0.000496
                 290,             0.01385,            0.008968,          2.9549e-05,             0.87293,             0.83616,             0.87993,             0.66892,            0.026978,            0.011432,          0.00024556,            0.000463,            0.000463,            0.000463
                 291,            0.013822,            0.008778,          2.9101e-05,             0.87337,             0.83525,             0.87987,             0.66854,            0.026985,            0.011451,          0.00024565,             0.00043,             0.00043,             0.00043
                 292,            0.013872,            0.008778,          2.8813e-05,             0.87322,             0.83559,             0.87944,             0.66841,            0.026991,            0.011471,          0.00024603,            0.000397,            0.000397,            0.000397
                 293,            0.013735,           0.0087769,          2.8204e-05,              0.8729,             0.83596,             0.87923,             0.66808,               0.027,            0.011492,          0.00024639,            0.000364,            0.000364,            0.000364
